{
    "loss": 0.5288524627685547,
    "accuracy": 0.8133333325386047
}