{
    "loss": 6.557640075683594,
    "accuracy": 0.6399999856948853
}